{
  "epoch": [
    1,
    2,
    3,
    4,
    5,
    6,
    7,
    8,
    9,
    10,
    11,
    12,
    13,
    14,
    15,
    16,
    17,
    18,
    19,
    20,
    21,
    22,
    23,
    24,
    25,
    26,
    27,
    28,
    29,
    30,
    31,
    32,
    33,
    34,
    35,
    36,
    37,
    38,
    39,
    40,
    41,
    42,
    43,
    44,
    45,
    46,
    47,
    48,
    49,
    50
  ],
  "train_loss": [
    1.473804081891155,
    1.1367310224487475,
    1.0090961099994376,
    0.921017893301331,
    0.8514111209485797,
    0.7876319943026128,
    0.7321804631580968,
    0.6709097066972115,
    0.619327424429707,
    0.5719223497109368,
    0.5219604217985774,
    0.47250540943913333,
    0.42823218408555275,
    0.38402590807129644,
    0.34495827784073035,
    0.30236920419790925,
    0.2699887540086429,
    0.23793471895037402,
    0.21209194862707673,
    0.18397718836115173,
    0.16477971950292994,
    0.14120036462778393,
    0.1240800178349718,
    0.11059699139305662,
    0.10199466742731052,
    0.08494725760850295,
    0.07478032192377569,
    0.06719638662588528,
    0.05704667805861061,
    0.05343636199052547,
    0.04213597987823023,
    0.0392516700088235,
    0.030634167219112912,
    0.028865571638648172,
    0.024046855403798736,
    0.020761374054155707,
    0.016833422368308194,
    0.015553625270900859,
    0.011524061707955332,
    0.010804248441650302,
    0.009793616625444614,
    0.007521474835687845,
    0.007544741764989663,
    0.006005657132030438,
    0.004538644832049252,
    0.005409295977471356,
    0.004254914247170642,
    0.003499994118511401,
    0.0036568846284086463,
    0.00300053275862509
  ],
  "train_acc": [
    57.394854824935955,
    66.27214987190436,
    70.32584329632793,
    72.84906063193851,
    74.78917591801878,
    76.76531810418446,
    78.1063193851409,
    79.89165243381726,
    81.43947480785653,
    82.74711784799317,
    84.16817890691716,
    85.82141332194705,
    86.92356959863365,
    88.38065755764303,
    89.46413321947054,
    90.74508966695133,
    91.81655636208369,
    92.71055721605465,
    93.47512809564475,
    94.49722459436379,
    95.08566396242527,
    95.81153928266438,
    96.3239218616567,
    96.75757899231427,
    96.96973740392826,
    97.50213492741247,
    97.87574722459436,
    98.11325789923143,
    98.35877455166525,
    98.50688514090521,
    98.85381084543125,
    98.92319598633647,
    99.2034052092229,
    99.21541417591801,
    99.39154568744662,
    99.50896669513237,
    99.5556682322801,
    99.63973099914602,
    99.7331340734415,
    99.74380871050384,
    99.75848633646456,
    99.82119982920581,
    99.82386848847139,
    99.85188941076004,
    99.88658198121264,
    99.86256404782237,
    99.88524765157985,
    99.90392826643894,
    99.90125960717336,
    99.92661187019641
  ],
  "val_acc": [
    62.34037613187834,
    66.10943425431468,
    71.27157340763098,
    71.71271573407631,
    75.17993963315533,
    75.11802492067177,
    75.14124293785311,
    74.65366457704512,
    75.24185434563888,
    74.39052704899002,
    76.30214379691974,
    75.72943270644687,
    75.76039006268864,
    76.59623868121662,
    76.18605371101307,
    76.32536181410107,
    76.51110595155174,
    76.54206330779351,
    74.669143255166,
    76.05448494698553,
    75.15672161597399,
    75.80682609705131,
    75.72943270644687,
    76.34084049222196,
    76.64267471557929,
    76.67363207182106,
    76.67363207182106,
    77.10703505920594,
    76.20153238913397,
    77.23086448417305,
    77.13025307638728,
    76.78972215772772,
    77.47078399504683,
    77.20764646699172,
    76.92903026081572,
    77.34695457007972,
    77.78809689652503,
    77.60235275907438,
    78.1131491370637,
    77.74166086216238,
    77.80357557464592,
    78.08993111988237,
    77.98931971209659,
    77.81905425276682,
    77.74166086216238,
    78.15958517142636,
    78.0976704589428,
    78.16732451048681,
    78.18280318860769,
    78.20602120578903
  ],
  "train_color_acc": [
    99.91460290350128,
    100.0,
    100.0,
    100.0,
    100.0,
    100.0,
    100.0,
    100.0,
    100.0,
    100.0,
    100.0,
    100.0,
    100.0,
    100.0,
    100.0,
    100.0,
    100.0,
    100.0,
    100.0,
    100.0,
    100.0,
    100.0,
    100.0,
    100.0,
    100.0,
    100.0,
    100.0,
    100.0,
    100.0,
    100.0,
    100.0,
    100.0,
    100.0,
    100.0,
    100.0,
    100.0,
    100.0,
    100.0,
    100.0,
    100.0,
    100.0,
    100.0,
    100.0,
    100.0,
    100.0,
    100.0,
    100.0,
    100.0,
    100.0,
    100.0
  ],
  "train_sleeve_acc": [
    72.97849060631938,
    79.49001921434672,
    82.18403074295475,
    83.83726515798463,
    85.31036507258753,
    86.3111122971819,
    87.47865072587533,
    88.58747865072587,
    89.71098420153714,
    90.39816396242527,
    91.40291417591801,
    92.37697480785653,
    93.08817250213492,
    93.95415243381726,
    94.56260674637062,
    95.32184030742955,
    96.02503202391118,
    96.47736976942784,
    96.93771349274125,
    97.31132578992315,
    97.57819171648164,
    97.96381298035867,
    98.23868488471392,
    98.41481639624253,
    98.52289709649872,
    98.81911827497865,
    98.95521989752348,
    99.06330059777967,
    99.18872758326216,
    99.29413962425278,
    99.4489218616567,
    99.45692783945346,
    99.6103757472246,
    99.5930294619983,
    99.6797608881298,
    99.7331340734415,
    99.7865072587532,
    99.80785653287788,
    99.86523270708796,
    99.84788642186166,
    99.87057002561913,
    99.87857600341589,
    99.88391332194705,
    99.90926558497011,
    99.92661187019641,
    99.9105999146029,
    99.92794619982921,
    99.93595217762596,
    99.93328351836037,
    99.9639730999146
  ]
}